"BIRD","Dominance","Sex","Season","Season.plus","Cohort","Group","Start.AgeCl","Bird.age","Mean.Age","Delta.Age","Plate","Position","RTL"
"3","DOM","F","2011-12","2011-12_1","2007-08","BO","N",1383,2098.85714285714,-715.857142857143,"D2",5,0.749633056
"3","DOM","F","2011-12","2011-12_2","2007-08","BO","N",1612,2098.85714285714,-486.857142857143,"D2",8,0.855334008
"3","DOM","F","2012-13","2012-13_2","2007-08","BO","N",1961,2098.85714285714,-137.857142857143,"H2",8,0.919664107
"3","DOM","F","2013-14","2013-14_1","2007-08","BO","N",2174,2098.85714285714,75.1428571428573,"H2",13,0.992531209
"3","DOM","F","2013-14","2013-14_2","2007-08","BO","N",2350,2098.85714285714,251.142857142857,"H2",15,1.219195925
"3","DOM","F","2014-15","2014-15_1","2007-08","BO","N",2528,2098.85714285714,429.142857142857,"H2",23,1.273238285
"3","DOM","F","2014-15","2014-15_2","2007-08","BO","N",2684,2098.85714285714,585.142857142857,"H2",24,0.986545822
"5","DOM","M","2011-12","2011-12_1","2007-08","JA","N",1353,1546,-193,"P1",4,0.608632874
"5","DOM","M","2012-13","2012-13_1","2007-08","JA","N",1739,1546,193,"H2",6,0.822576159
"6","DOM","F","2011-12","2011-12_2","2007-08","KI","N",1563,2068,-505,"L2",4,0.964669483
"6","DOM","F","2012-13","2012-13_2","2007-08","KI","N",1920,2068,-148,"M2",16,0.796511379
"6","DOM","F","2013-14","2013-14_2","2007-08","IN","N",2294,2068,226,"D2",18,0.735978291
"6","DOM","F","2014-15","2014-15_1","2007-08","IN","N",2495,2068,427,"D2",19,0.947838586
"7","DOM","F","2012-13","2012-13_2","2007-08","CA","N",1909,2343.25,-434.25,"P1",10,0.802219563
"7","DOM","F","2013-14","2013-14_2","2007-08","CA","N",2317,2343.25,-26.25,"P1",17,0.877855195
"7","DOM","F","2014-15","2014-15_1","2007-08","CA","N",2488,2343.25,144.75,"X2",17,0.964719527
"7","DOM","F","2014-15","2014-15_2","2007-08","CA","N",2659,2343.25,315.75,"P1",22,1.43396789
"9","DOM","M","2011-12","2011-12_1","2007-08","PO","N",1341,2074.33333333333,-733.333333333333,"C2",21,0.842028264
"9","DOM","M","2011-12","2011-12_2","2007-08","PO","N",1519,2074.33333333333,-555.333333333333,"C2",4,1.049740304
"9","DOM","M","2013-14","2013-14_1","2007-08","PO","N",2133,2074.33333333333,58.6666666666665,"D2",16,0.910020794
"9","DOM","M","2013-14","2013-14_2","2007-08","PO","N",2299,2074.33333333333,224.666666666667,"D2",17,0.806277083
"9","DOM","M","2014-15","2014-15_1","2007-08","PO","N",2509,2074.33333333333,434.666666666667,"G2",15,0.887538333
"9","DOM","M","2014-15","2014-15_2","2007-08","PO","N",2645,2074.33333333333,570.666666666667,"G2",17,1.305422265
"12","DOM","M","2012-13","2012-13_2","2007-08","CA","N",1898,2187.25,-289.25,"E2",14,0.78386962
"12","DOM","M","2013-14","2013-14_1","2007-08","CA","N",2122,2187.25,-65.25,"E2",13,0.701831993
"12","DOM","M","2013-14","2013-14_2","2007-08","CA","N",2281,2187.25,93.75,"E2",18,0.663482706
"12","DOM","M","2014-15","2014-15_1","2007-08","CA","N",2448,2187.25,260.75,"E2",21,0.754664692
"13","DOM","F","2011-12","2011-12_1","2007-08","YE","N",1333,1992.71428571429,-659.714285714286,"D2",2,0.884429243
"13","DOM","F","2011-12","2011-12_2","2007-08","YE","N",1562,1992.71428571429,-430.714285714286,"D2",9,0.863185713
"13","DOM","F","2012-13","2012-13_1","2007-08","YE","N",1778,1992.71428571429,-214.714285714286,"D2",11,0.706641621
"13","DOM","F","2012-13","2012-13_2","2007-08","YE","N",1905,1992.71428571429,-87.7142857142858,"D2",10,0.858594406
"13","DOM","F","2013-14","2013-14_2","2007-08","YE","N",2288,1992.71428571429,295.285714285714,"L2",17,0.955383246
"13","DOM","F","2014-15","2014-15_1","2007-08","YE","N",2443,1992.71428571429,450.285714285714,"L2",24,1.164613969
"13","DOM","F","2014-15","2014-15_2","2007-08","YE","N",2640,1992.71428571429,647.285714285714,"L2",22,0.889357866
"14","SUB","F","2012-13","2012-13_1","2008-09","UB","N",1354,1529.33333333333,-175.333333333333,"F2",13,0.80756186
"14","SUB","F","2012-13","2012-13_2","2008-09","UB","N",1513,1529.33333333333,-16.3333333333333,"F2",19,0.755695299
"14","SUB","F","2013-14","2013-14_1","2008-09","UB","N",1721,1529.33333333333,191.666666666667,"F2",20,0.836612567
"15","SUB","F","2011-12","2011-12_1","2009-10","AY","N",686,793,-107,"I2",23,0.960829745
"15","SUB","F","2011-12","2011-12_2","2009-10","AY","N",900,793,107,"I2",3,1.048491346
"16","SUB","F","2011-12","2011-12_1","2009-10","EL","N",687,794.5,-107.5,"H2",4,1.095915743
"16","SUB","F","2011-12","2011-12_2","2009-10","EL","N",902,794.5,107.5,"H2",5,1.139702231
"17","DOM","F","2011-12","2011-12_1","2009-10","OS","N",687,978,-291,"H2",3,1.187546158
"17","DOM","F","2012-13","2012-13_2","2009-10","LE","N",1269,978,291,"O2",13,0.963293187
"19","SUB","M","2011-12","2011-12_1","2008-09","HY","N",912,1581.5,-669.5,"X1",11,0.585167429
"19","SUB","M","2011-12","2011-12_2","2008-09","HY","N",1140,1581.5,-441.5,"X1",17,0.601030417
"19","SUB","M","2012-13","2012-13_1","2008-09","HY","N",1347,1581.5,-234.5,"X1",14,0.757784967
"19","SUB","M","2013-14","2013-14_2","2008-09","HY","N",1861,1581.5,279.5,"B2",16,0.984979208
"19","SUB","M","2014-15","2014-15_1","2008-09","HY","N",2020,1581.5,438.5,"B2",17,0.876987336
"19","SUB","M","2014-15","2014-15_2","2008-09","HY","N",2209,1581.5,627.5,"B2",20,1.013401634
"20","DOM","M","2012-13","2012-13_1","2008-09","KI","N",1370,1534.33333333333,-164.333333333333,"C2",8,0.800870019
"20","DOM","M","2012-13","2012-13_2","2008-09","KI","N",1507,1534.33333333333,-27.3333333333333,"C2",9,1.064157898
"20","DOM","M","2013-14","2013-14_1","2008-09","KI","N",1726,1534.33333333333,191.666666666667,"C2",13,1.104148628
"22","DOM","F","2011-12","2011-12_2","2008-09","GE","N",1216,1738.16666666667,-522.166666666667,"O2",6,0.593541478
"22","DOM","F","2012-13","2012-13_1","2008-09","GE","N",1429,1738.16666666667,-309.166666666667,"O2",12,0.689779771
"22","DOM","F","2012-13","2012-13_2","2008-09","GE","N",1562,1738.16666666667,-176.166666666667,"O2",14,0.70649047
"22","DOM","F","2013-14","2013-14_1","2008-09","GE","N",1788,1738.16666666667,49.8333333333333,"O2",20,0.705251452
"22","DOM","F","2014-15","2014-15_1","2008-09","GE","N",2138,1738.16666666667,399.833333333333,"G2",14,0.880605223
"22","DOM","F","2014-15","2014-15_2","2008-09","GE","N",2296,1738.16666666667,557.833333333333,"G2",22,0.935131156
"23","DOM","F","2012-13","2012-13_2","2008-09","PO","N",1578,1888.66666666667,-310.666666666667,"K2",14,0.984524857
"23","DOM","F","2013-14","2013-14_1","2008-09","PO","N",1788,1888.66666666667,-100.666666666667,"K2",11,1.114214628
"23","DOM","F","2014-15","2014-15_2","2008-09","PO","N",2300,1888.66666666667,411.333333333333,"K2",19,1.402836954
"25","SUB","F","2011-12","2011-12_1","2009-10","SU","N",686,908.666666666667,-222.666666666667,"C2",2,0.906984937
"25","SUB","F","2011-12","2011-12_2","2009-10","SU","N",923,908.666666666667,14.3333333333334,"C2",6,0.992026809
"25","SUB","F","2012-13","2012-13_1","2009-10","SU","N",1117,908.666666666667,208.333333333333,"C2",7,0.9386504
"26","SUB","M","2011-12","2011-12_2","2008-09","VA","N",1182,1295,-113,"F2",8,0.730704128
"26","SUB","M","2012-13","2012-13_1","2008-09","VA","N",1408,1295,113,"F2",16,0.767534862
"27","SUB","M","2013-14","2013-14_1","2009-10","TO","N",1492,1718.5,-226.5,"N2",16,0.670328572
"27","SUB","M","2013-14","2013-14_2","2009-10","TO","N",1614,1718.5,-104.5,"N2",21,0.586295508
"27","SUB","M","2014-15","2014-15_1","2009-10","TO","N",1791,1718.5,72.5,"N2",23,0.565922749
"27","SUB","M","2014-15","2014-15_2","2009-10","TO","N",1977,1718.5,258.5,"N2",26,0.624760944
"28","SUB","M","2011-12","2011-12_1","2009-10","TO","N",678,795,-117,"D2",4,0.656345231
"28","SUB","M","2011-12","2011-12_2","2009-10","TO","N",912,795,117,"D2",7,0.671258032
"29","SUB","M","2011-12","2011-12_1","2009-10","JA","N",673,895.333333333333,-222.333333333333,"K2",2,0.766754083
"29","SUB","M","2011-12","2011-12_2","2009-10","JA","N",901,895.333333333333,5.66666666666663,"K2",7,0.71416206
"29","SUB","M","2012-13","2012-13_1","2009-10","JA","N",1112,895.333333333333,216.666666666667,"K2",13,0.870517079
"30","DOM","F","2013-14","2013-14_1","2009-10","DA","N",1437,1617.66666666667,-180.666666666667,"P1",11,0.61942309
"30","DOM","F","2013-14","2013-14_2","2009-10","DA","N",1637,1617.66666666667,19.3333333333333,"P1",19,0.663370945
"30","DOM","F","2014-15","2014-15_1","2009-10","DA","N",1779,1617.66666666667,161.333333333333,"P1",23,0.800819553
"30","SUB","F","2011-12","2011-12_1","2009-10","OK","N",673,783,-110,"P1",2,0.584132017
"30","SUB","F","2011-12","2011-12_2","2009-10","OK","N",893,783,110,"P1",9,0.562705669
"31","SUB","M","2011-12","2011-12_1","2009-10","GE","N",649,1133.66666666667,-484.666666666667,"F2",2,0.784460223
"31","SUB","M","2011-12","2011-12_2","2009-10","GE","N",878,1133.66666666667,-255.666666666667,"F2",11,0.71105492
"31","SUB","M","2012-13","2012-13_1","2009-10","GE","N",1042,1133.66666666667,-91.6666666666667,"F2",9,0.821310976
"31","SUB","M","2012-13","2012-13_2","2009-10","GE","N",1224,1133.66666666667,90.3333333333333,"F2",14,0.762104963
"31","SUB","M","2013-14","2013-14_1","2009-10","GE","N",1428,1133.66666666667,294.333333333333,"F2",17,0.975938608
"31","SUB","M","2013-14","2013-14_2","2009-10","GE","N",1581,1133.66666666667,447.333333333333,"F2",22,0.599186063
"32","SUB","F","2011-12","2011-12_1","2009-10","PU","N",615,830.333333333333,-215.333333333333,"M2",4,0.757830038
"32","SUB","F","2011-12","2011-12_2","2009-10","PU","N",838,830.333333333333,7.66666666666663,"M2",7,0.744477533
"32","SUB","F","2012-13","2012-13_1","2009-10","PU","N",1038,830.333333333333,207.666666666667,"M2",10,0.42845584
"34","DOM","F","2012-13","2012-13_2","2009-10","VA","N",1253,1633.33333333333,-380.333333333333,"P1",12,0.701483793
"34","DOM","F","2013-14","2013-14_2","2009-10","VA","N",1648,1633.33333333333,14.6666666666667,"X1",8,0.836468998
"34","DOM","F","2014-15","2014-15_2","2009-10","VA","N",1999,1633.33333333333,365.666666666667,"C2",26,1.148499595
"34","SUB","F","2011-12","2011-12_1","2009-10","VA","N",702,806.5,-104.5,"N2",25,0.720526587
"34","SUB","F","2011-12","2011-12_2","2009-10","VA","N",911,806.5,104.5,"N2",6,0.683010586
"35","DOM","M","2011-12","2011-12_2","2009-10","BO","N",923,1535.83333333333,-612.833333333333,"I2",4,0.815020585
"35","DOM","M","2012-13","2012-13_2","2009-10","BO","N",1286,1535.83333333333,-249.833333333333,"I2",10,0.780532409
"35","DOM","M","2013-14","2013-14_1","2009-10","BO","N",1499,1535.83333333333,-36.8333333333333,"I2",12,1.077265853
"35","DOM","M","2013-14","2013-14_2","2009-10","BO","N",1675,1535.83333333333,139.166666666667,"I2",13,0.907756127
"35","DOM","M","2014-15","2014-15_1","2009-10","BO","N",1823,1535.83333333333,287.166666666667,"I2",16,1.051202242
"35","DOM","M","2014-15","2014-15_2","2009-10","BO","N",2009,1535.83333333333,473.166666666667,"I2",18,1.452964923
"36","DOM","M","2011-12","2011-12_1","2008-09","PU","N",878,989.5,-111.5,"P1",5,0.557609537
"36","DOM","M","2011-12","2011-12_2","2008-09","PU","N",1101,989.5,111.5,"P1",6,0.621722013
"37","DOM","M","2012-13","2012-13_1","2008-09","DA","N",1324,1744.33333333333,-420.333333333333,"J2",8,0.896331439
"37","DOM","M","2012-13","2012-13_2","2008-09","DA","N",1465,1744.33333333333,-279.333333333333,"J2",16,0.993228281
"37","DOM","M","2013-14","2013-14_1","2008-09","DA","N",1677,1744.33333333333,-67.3333333333333,"J2",17,1.006270587
"37","DOM","M","2013-14","2013-14_2","2008-09","DA","N",1817,1744.33333333333,72.6666666666667,"J2",20,0.89731343
"37","DOM","M","2014-15","2014-15_1","2008-09","DA","N",1991,1744.33333333333,246.666666666667,"J2",23,1.039656145
"37","DOM","M","2014-15","2014-15_2","2008-09","DA","N",2192,1744.33333333333,447.666666666667,"J2",24,1.073444899
"37","SUB","M","2011-12","2011-12_1","2008-09","DA","N",883,997.5,-114.5,"J2",5,1.001265395
"37","SUB","M","2011-12","2011-12_2","2008-09","DA","N",1112,997.5,114.5,"J2",11,1.017820744
"38","DOM","M","2011-12","2011-12_1","2008-09","MO","N",905,1475.2,-570.2,"E2",4,0.96122604
"38","DOM","M","2011-12","2011-12_2","2008-09","MO","N",1130,1475.2,-345.2,"E2",25,0.943145167
"38","DOM","M","2012-13","2012-13_2","2008-09","MO","N",1486,1475.2,10.8,"E2",17,0.839131987
"38","DOM","M","2013-14","2013-14_1","2008-09","MO","N",1678,1475.2,202.8,"E2",12,0.845602541
"38","DOM","M","2014-15","2014-15_2","2008-09","MO","N",2177,1475.2,701.8,"G2",24,1.414225836
"39","SUB","M","2011-12","2011-12_2","2009-10","ST","N",803,1104.25,-301.25,"L2",2,0.816186634
"39","SUB","M","2012-13","2012-13_1","2009-10","XM","N",1008,1104.25,-96.25,"L2",5,0.851569956
"39","SUB","M","2012-13","2012-13_2","2009-10","XM","N",1206,1104.25,101.75,"X1",20,0.839965555
"39","SUB","M","2013-14","2013-14_1","2009-10","ST","N",1400,1104.25,295.75,"L2",14,1.035710042
"40","DOM","F","2012-13","2012-13_1","2009-10","DI","N",993,1456.5,-463.5,"L2",6,0.828288102
"40","DOM","F","2012-13","2012-13_2","2009-10","DI","N",1179,1456.5,-277.5,"L2",7,0.897511968
"40","DOM","F","2013-14","2013-14_1","2009-10","DI","N",1406,1456.5,-50.5,"L2",12,1.098021508
"40","DOM","F","2013-14","2013-14_2","2009-10","DI","N",1528,1456.5,71.5,"L2",16,0.888901523
"40","DOM","F","2014-15","2014-15_1","2009-10","DI","N",1735,1456.5,278.5,"L2",25,0.780677339
"40","DOM","F","2014-15","2014-15_2","2009-10","DI","N",1898,1456.5,441.5,"L2",20,1.459306711
"41","SUB","F","2011-12","2011-12_1","2009-10","EL","N",610,718,-108,"OX3",8,1.519513411
"41","SUB","F","2011-12","2011-12_2","2009-10","EL","N",826,718,108,"OX3",9,1.638217011
"42","SUB","F","2011-12","2011-12_1","2009-10","BO","N",614,721.5,-107.5,"N2",3,0.882759235
"42","SUB","F","2011-12","2011-12_2","2009-10","BO","N",829,721.5,107.5,"N2",4,0.649097832
"43","SUB","M","2011-12","2011-12_1","2009-10","VA","N",619,723.5,-104.5,"E2",3,1.066155872
"43","SUB","M","2011-12","2011-12_2","2009-10","VA","N",828,723.5,104.5,"E2",6,0.863158242
"44","SUB","M","2011-12","2011-12_1","2010-11","VU","N",215,436,-221,"OX8",11,1.089209955
"44","SUB","M","2011-12","2011-12_2","2010-11","VU","N",443,436,7,"K2",8,0.8678039
"44","SUB","M","2012-13","2012-13_1","2010-11","VU","N",650,436,214,"K2",12,0.773926792
"45","SUB","M","2011-12","2011-12_2","2010-11","IN","N",441,876.666666666667,-435.666666666667,"K2",6,0.91684499
"45","SUB","M","2013-14","2013-14_1","2010-11","JA","N",1008,876.666666666667,131.333333333333,"M2",12,0.840053758
"45","SUB","M","2013-14","2013-14_2","2010-11","HO","N",1181,876.666666666667,304.333333333333,"M2",21,1.02594363
"46","SUB","M","2011-12","2011-12_2","2010-11","RA","N",425,1027.2,-602.2,"U1",11,0.695512739
"46","SUB","M","2012-13","2012-13_2","2010-11","RA","N",766,1027.2,-261.2,"M2",18,0.78314691
"46","SUB","M","2013-14","2013-14_2","2010-11","RA","N",1132,1027.2,104.8,"J2",19,1.129994621
"46","SUB","M","2014-15","2014-15_1","2010-11","RA","N",1311,1027.2,283.8,"J2",22,0.708711768
"46","SUB","M","2014-15","2014-15_2","2010-11","RA","N",1502,1027.2,474.8,"J2",25,0.911914055
"47","DOM","F","2010-11","2010-11_2","2007-08","RO","N",1140,1341.33333333333,-201.333333333333,"B2",2,1.099319709
"47","DOM","F","2011-12","2011-12_1","2007-08","RO","N",1328,1341.33333333333,-13.3333333333333,"B2",3,1.297331965
"47","DOM","F","2011-12","2011-12_2","2007-08","RO","N",1556,1341.33333333333,214.666666666667,"B2",9,1.179048815
"48","DOM","F","2010-11","2010-11_2","2007-08","DI","N",1146,1339,-193,"J2",2,1.214639964
"48","DOM","F","2011-12","2011-12_1","2007-08","DI","N",1327,1339,-12,"J2",3,1.329759363
"48","DOM","F","2011-12","2011-12_2","2007-08","DI","N",1544,1339,205,"J2",7,1.234652457
"50","DOM","F","2011-12","2011-12_1","2007-08","VU","F",1320,1902,-582,"E2",24,0.756931958
"50","DOM","F","2011-12","2011-12_2","2007-08","VU","F",1548,1902,-354,"E2",7,0.733622256
"50","DOM","F","2012-13","2012-13_2","2007-08","RO","F",1902,1902,0,"N2",15,0.75594691
"50","DOM","F","2013-14","2013-14_1","2007-08","RO","F",2121,1902,219,"N2",17,0.638354292
"50","DOM","F","2014-15","2014-15_2","2007-08","RO","F",2619,1902,717,"I2",17,1.773690587
"51","DOM","M","2012-13","2012-13_1","2007-08","XM","F",1683,2153.16666666667,-470.166666666667,"I2",6,1.03258542
"51","DOM","M","2012-13","2012-13_2","2007-08","XM","F",1881,2153.16666666667,-272.166666666667,"I2",11,1.147497253
"51","DOM","M","2013-14","2013-14_1","2007-08","XM","F",2072,2153.16666666667,-81.1666666666665,"I2",9,1.047130281
"51","DOM","M","2013-14","2013-14_2","2007-08","XM","F",2248,2153.16666666667,94.8333333333335,"I2",14,1.195087276
"51","DOM","M","2014-15","2014-15_1","2007-08","XM","F",2417,2153.16666666667,263.833333333333,"I2",24,1.280943643
"51","DOM","M","2014-15","2014-15_2","2007-08","XM","F",2618,2153.16666666667,464.833333333333,"I2",21,0.994832784
"52","DOM","F","2011-12","2011-12_1","2007-08","QU","N",1302,2058.8,-756.8,"B2",4,0.959573818
"52","DOM","F","2012-13","2012-13_2","2007-08","QU","N",1868,2058.8,-190.8,"B2",13,0.818610466
"52","DOM","F","2013-14","2013-14_1","2007-08","QU","N",2097,2058.8,38.1999999999998,"B2",12,1.009841992
"52","DOM","F","2014-15","2014-15_1","2007-08","QU","N",2412,2058.8,353.2,"C2",23,0.703048062
"52","DOM","F","2014-15","2014-15_2","2007-08","QU","N",2615,2058.8,556.2,"C2",17,0.973439403
"53","DOM","F","2011-12","2011-12_2","2008-09","DA","N",1274,1462.33333333333,-188.333333333333,"B2",7,0.940671981
"53","DOM","F","2012-13","2012-13_1","2008-09","DA","N",1486,1462.33333333333,23.6666666666667,"B2",11,0.828976744
"53","DOM","F","2012-13","2012-13_2","2008-09","DA","N",1627,1462.33333333333,164.666666666667,"B2",14,0.904803848
"55","DOM","M","2012-13","2012-13_2","2008-09","LE","N",1623,1979.5,-356.5,"F2",18,0.72260304
"55","DOM","M","2013-14","2013-14_1","2008-09","LE","N",1832,1979.5,-147.5,"F2",15,0.738379881
"55","DOM","M","2014-15","2014-15_1","2008-09","LE","N",2155,1979.5,175.5,"K2",18,0.820649306
"55","DOM","M","2014-15","2014-15_2","2008-09","LE","N",2308,1979.5,328.5,"K2",25,0.924542823
"55","SUB","M","2011-12","2011-12_1","2008-09","DI","N",1038,1146.5,-108.5,"F2",3,0.678376333
"55","SUB","M","2011-12","2011-12_2","2008-09","DI","N",1255,1146.5,108.5,"F2",7,0.599916195
"56","SUB","F","2011-12","2011-12_1","2008-09","ZE","N",1042,1259,-217,"J2",4,0.804281426
"56","SUB","F","2011-12","2011-12_2","2008-09","ZE","N",1258,1259,-1,"J2",9,0.688577413
"56","SUB","F","2012-13","2012-13_1","2008-09","ZE","N",1477,1259,218,"J2",12,0.687342737
"58","DOM","M","2011-12","2011-12_1","2008-09","EL","F",1073,1180,-107,"OX8",19,1.094754921
"58","DOM","M","2011-12","2011-12_2","2008-09","EL","F",1287,1180,107,"OX8",21,1.034902015
"59","DOM","M","2011-12","2011-12_1","2008-09","XB","F",1072,1185.5,-113.5,"OX4",8,0.740643918
"59","DOM","M","2011-12","2011-12_2","2008-09","XB","F",1299,1185.5,113.5,"OX4",9,0.629778609
"60","SUB","F","2011-12","2011-12_1","2008-09","SU","F",1035,1153.5,-118.5,"OX5",2,1.394564816
"60","SUB","F","2011-12","2011-12_2","2008-09","SU","F",1272,1153.5,118.5,"OX5",3,1.320463086
"61","SUB","F","2011-12","2011-12_2","2009-10","WE","N",754,844,-90,"G2",3,1.022223341
"61","SUB","F","2012-13","2012-13_1","2009-10","WE","N",934,844,90,"G2",5,1.153124641
"64","DOM","F","2013-14","2013-14_2","2009-10","FO","N",1474,1653,-179,"M2",19,0.949868347
"64","DOM","F","2014-15","2014-15_1","2009-10","FO","N",1640,1653,-13,"D2",22,0.864235999
"64","DOM","F","2014-15","2014-15_2","2009-10","FO","N",1845,1653,192,"D2",26,0.954562472
"64","SUB","F","2011-12","2011-12_1","2009-10","FO","N",537,834.75,-297.75,"OX4",18,0.799948514
"64","SUB","F","2011-12","2011-12_2","2009-10","FO","N",751,834.75,-83.75,"L2",3,0.916649814
"64","SUB","F","2012-13","2012-13_1","2009-10","FO","N",947,834.75,112.25,"L2",9,0.821345768
"64","SUB","F","2012-13","2012-13_2","2009-10","FO","N",1104,834.75,269.25,"L2",11,0.792372187
"65","SUB","F","2011-12","2011-12_1","2009-10","AY","N",531,637,-106,"X1",10,1.046858917
"65","SUB","F","2011-12","2011-12_2","2009-10","AY","N",743,637,106,"X1",12,0.919703446
"66","SUB","F","2011-12","2011-12_1","2010-11","VA","N",195,409.666666666667,-214.666666666667,"OX7",4,1.197681138
"66","SUB","F","2011-12","2011-12_2","2010-11","VA","N",404,409.666666666667,-5.66666666666669,"OX7",5,1.091405485
"66","SUB","F","2012-13","2012-13_1","2010-11","VA","N",630,409.666666666667,220.333333333333,"X1",6,1.033712803
"67","SUB","F","2011-12","2011-12_1","2010-11","BO","N",187,445,-258,"OX4",24,0.974551377
"67","SUB","F","2011-12","2011-12_2","2010-11","BO","N",402,445,-43,"OX4",25,0.834734637
"67","SUB","F","2012-13","2012-13_2","2010-11","CH","N",746,445,301,"N2",14,0.999689882
"68","SUB","M","2011-12","2011-12_1","2009-10","FO","N",596,1037,-441,"H2",2,1.014176117
"68","SUB","M","2012-13","2012-13_1","2009-10","HY","N",1025,1037,-12,"H2",9,0.871067746
"68","SUB","M","2012-13","2012-13_2","2009-10","FO","N",1163,1037,126,"H2",11,0.777921524
"68","SUB","M","2013-14","2013-14_1","2009-10","FO","N",1364,1037,327,"H2",10,0.885835465
"69","DOM","M","2012-13","2012-13_2","2009-10","NY","N",1163,1473.66666666667,-310.666666666667,"E2",9,0.792262396
"69","DOM","M","2013-14","2013-14_2","2009-10","NY","N",1557,1473.66666666667,83.3333333333333,"E2",19,0.582192595
"69","DOM","M","2014-15","2014-15_1","2009-10","NY","N",1701,1473.66666666667,227.333333333333,"E2",20,0.81930601
"70","SUB","F","2011-12","2011-12_2","2009-10","UB","N",805,1086,-281,"G2",2,0.857844356
"70","SUB","F","2012-13","2012-13_1","2009-10","UB","N",977,1086,-109,"G2",4,1.025816441
"70","SUB","F","2012-13","2012-13_2","2009-10","UB","N",1177,1086,91,"G2",10,0.889855033
"70","SUB","F","2013-14","2013-14_1","2009-10","UB","N",1385,1086,299,"G2",12,0.845835909
"71","SUB","M","2011-12","2011-12_2","2009-10","WE","N",797,907,-110,"K2",4,0.918031549
"71","SUB","M","2012-13","2012-13_1","2009-10","WE","N",1017,907,110,"K2",9,0.884287776
"72","SUB","M","2011-12","2011-12_2","2009-10","KI","N",806,916,-110,"X1",13,0.728144484
"72","SUB","M","2012-13","2012-13_1","2009-10","KI","N",1026,916,110,"X1",18,0.6835178
"73","SUB","F","2011-12","2011-12_1","2009-10","PO","N",580,669.5,-89.5,"N2",2,0.739066704
"73","SUB","F","2011-12","2011-12_2","2009-10","PO","N",759,669.5,89.5,"N2",7,0.688972191
"74","SUB","M","2011-12","2011-12_1","2009-10","MO","N",581,697.5,-116.5,"OX5",9,1.305779629
"74","SUB","M","2011-12","2011-12_2","2009-10","MO","N",814,697.5,116.5,"OX5",10,1.292480989
"75","DOM","F","2011-12","2011-12_1","2009-10","MO","N",575,1014,-439,"OX5",11,0.946220279
"75","DOM","F","2011-12","2011-12_2","2009-10","MO","N",799,1014,-215,"OX5",12,1.17030529
"75","DOM","F","2012-13","2012-13_1","2009-10","MO","N",998,1014,-16,"E2",8,0.95679531
"75","DOM","F","2012-13","2012-13_2","2009-10","MO","N",1156,1014,142,"E2",16,0.792456897
"75","DOM","F","2013-14","2013-14_2","2009-10","NY","N",1542,1014,528,"B2",15,1.179629424
"76","DOM","F","2012-13","2012-13_2","2009-10","PU","N",1150,1338,-188,"J2",15,0.964571652
"76","DOM","F","2013-14","2013-14_2","2009-10","PU","N",1526,1338,188,"J2",21,1.024990408
"77","SUB","F","2011-12","2011-12_1","2009-10","PU","N",573,684.5,-111.5,"M2",3,1.089094339
"77","SUB","F","2011-12","2011-12_2","2009-10","PU","N",796,684.5,111.5,"M2",6,0.969681814
"78","SUB","F","2011-12","2011-12_1","2009-10","RO","N",573,763.5,-190.5,"F2",4,0.83429999
"78","SUB","F","2012-13","2012-13_1","2009-10","RO","N",954,763.5,190.5,"F2",10,0.832917009
"80","SUB","F","2011-12","2011-12_1","2009-10","YE","N",548,770.5,-222.5,"U1",3,0.589525209
"80","SUB","F","2012-13","2012-13_1","2009-10","YE","N",993,770.5,222.5,"G2",8,0.855577595
"81","SUB","M","2011-12","2011-12_1","2009-10","TO","N",554,671,-117,"F2",24,0.546060369
"81","SUB","M","2011-12","2011-12_2","2009-10","TO","N",788,671,117,"F2",12,0.581669713
"82","SUB","F","2012-13","2012-13_2","2011-12","YI","N",444,846.5,-402.5,"F2",21,1.04838436
"82","SUB","F","2013-14","2013-14_2","2011-12","YI","N",800,846.5,-46.5,"L2",15,1.210170814
"82","SUB","F","2014-15","2014-15_1","2011-12","YI","N",974,846.5,127.5,"L2",18,1.27147894
"82","SUB","F","2014-15","2014-15_2","2011-12","YI","N",1168,846.5,321.5,"L2",21,1.461908257
"86","SUB","M","2011-12","2011-12_1","2010-11","PU","F",415,526.5,-111.5,"OX5",25,1.072914002
"86","SUB","M","2011-12","2011-12_2","2010-11","PU","F",638,526.5,111.5,"OX5",26,1.0930713
"87","SUB","F","2011-12","2011-12_1","2010-11","GE","F",314,428.5,-114.5,"OX6",2,0.94585353
"87","SUB","F","2011-12","2011-12_2","2010-11","GE","F",543,428.5,114.5,"OX6",3,0.936580837
"88","SUB","M","2011-12","2011-12_1","2010-11","OK","N",262,372,-110,"OX6",4,0.777462285
"88","SUB","M","2011-12","2011-12_2","2010-11","OK","N",482,372,110,"OX6",5,0.769403151
"89","SUB","M","2011-12","2011-12_1","2010-11","OK","N",261,371,-110,"OX7",19,1.001626208
"89","SUB","M","2011-12","2011-12_2","2010-11","OK","N",481,371,110,"OX7",20,1.068647011
"90","SUB","M","2011-12","2011-12_1","2010-11","PU","N",245,753.6,-508.6,"OX6",9,0.788366755
"90","SUB","M","2011-12","2011-12_2","2010-11","PU","N",468,753.6,-285.6,"OX6",10,0.828263865
"90","SUB","M","2012-13","2012-13_2","2010-11","CA","N",808,753.6,54.4,"M2",8,0.860648
"90","SUB","M","2013-14","2013-14_1","2010-11","CA","N",1056,753.6,302.4,"M2",17,0.810856819
"90","SUB","M","2013-14","2013-14_2","2010-11","OK","N",1191,753.6,437.4,"M2",20,0.806088455
"91","SUB","M","2011-12","2011-12_1","2010-11","YE","N",235,640.2,-405.2,"OX6",11,0.933409335
"91","SUB","M","2011-12","2011-12_2","2010-11","YE","N",466,640.2,-174.2,"M2",9,0.594950467
"91","SUB","M","2012-13","2012-13_1","2010-11","YE","N",680,640.2,39.8,"M2",11,0.523842233
"91","SUB","M","2012-13","2012-13_2","2010-11","YE","N",807,640.2,166.8,"M2",14,0.638091539
"91","SUB","M","2013-14","2013-14_1","2010-11","YE","N",1013,640.2,372.8,"M2",13,0.657765079
"92","SUB","M","2011-12","2011-12_1","2010-11","YE","N",236,350.5,-114.5,"OX6",13,0.745478724
"92","SUB","M","2011-12","2011-12_2","2010-11","YE","N",465,350.5,114.5,"OX6",14,0.943819751
"93","SUB","M","2011-12","2011-12_1","2010-11","PO","N",222,311,-89,"OX6",15,0.828542513
"93","SUB","M","2011-12","2011-12_2","2010-11","PO","N",400,311,89,"OX6",16,0.875888628
"94","SUB","M","2011-12","2011-12_1","2010-11","DI","N",227,430.333333333333,-203.333333333333,"OX6",17,0.929765013
"94","SUB","M","2011-12","2011-12_2","2010-11","DI","N",444,430.333333333333,13.6666666666667,"J2",6,0.799890271
"94","SUB","M","2012-13","2012-13_1","2010-11","DI","N",620,430.333333333333,189.666666666667,"J2",10,0.716899399
"95","DOM","M","2013-14","2013-14_2","2010-11","DI","N",1139,1304.66666666667,-165.666666666667,"K2",15,1.659438716
"95","DOM","M","2014-15","2014-15_1","2010-11","DI","N",1293,1304.66666666667,-11.6666666666667,"K2",17,1.124368225
"95","DOM","M","2014-15","2014-15_2","2010-11","DI","N",1482,1304.66666666667,177.333333333333,"K2",20,1.157365761
"95","SUB","M","2011-12","2011-12_2","2010-11","EL","N",401,577,-176,"C2",3,0.927345571
"95","SUB","M","2012-13","2012-13_2","2010-11","EL","N",753,577,176,"C2",12,1.393601656
"96","SUB","F","2011-12","2011-12_2","2010-11","SU","N",407,590.333333333333,-183.333333333333,"O2",7,1.161251377
"96","SUB","F","2012-13","2012-13_1","2010-11","SU","N",606,590.333333333333,15.6666666666666,"O2",18,1.098778211
"96","SUB","F","2012-13","2012-13_2","2010-11","SU","N",758,590.333333333333,167.666666666667,"O2",19,1.306278899
"97","DOM","M","2013-14","2013-14_2","2010-11","TI","N",1099,1280.5,-181.5,"N2",22,1.022137868
"97","DOM","M","2014-15","2014-15_2","2010-11","TI","N",1462,1280.5,181.5,"C2",20,1.304354733
"97","SUB","M","2011-12","2011-12_2","2010-11","GE","N",373,679.666666666667,-306.666666666667,"N2",8,0.827303239
"97","SUB","M","2012-13","2012-13_2","2010-11","GE","N",719,679.666666666667,39.3333333333334,"N2",12,0.928612677
"97","SUB","M","2013-14","2013-14_1","2010-11","AY","N",947,679.666666666667,267.333333333333,"N2",18,0.855007167
"99","SUB","M","2012-13","2012-13_1","2011-12","FO","N",376,454.5,-78.5,"E2",15,0.689580397
"99","SUB","M","2012-13","2012-13_2","2011-12","FO","N",533,454.5,78.5,"E2",11,0.647815269
"100","SUB","M","2012-13","2012-13_2","2011-12","TO","N",543,735,-192,"J2",13,0.764435453
"100","SUB","M","2013-14","2013-14_1","2011-12","TO","N",770,735,35,"J2",14,0.843889112
"100","SUB","M","2013-14","2013-14_2","2011-12","TO","N",892,735,157,"J2",18,0.716803674
"101","SUB","M","2012-13","2012-13_2","2011-12","KU","N",477,757.25,-280.25,"P1",16,0.977064196
"101","SUB","M","2013-14","2013-14_1","2011-12","KU","N",696,757.25,-61.25,"P1",13,1.015241893
"101","SUB","M","2013-14","2013-14_2","2011-12","KU","N",843,757.25,85.75,"P1",18,0.803789888
"101","SUB","M","2014-15","2014-15_1","2011-12","KU","N",1013,757.25,255.75,"P1",20,0.850347012
"102","SUB","M","2012-13","2012-13_2","2011-12","FO","N",456,556.5,-100.5,"O2",17,0.819598045
"102","SUB","M","2013-14","2013-14_1","2011-12","FO","N",657,556.5,100.5,"O2",16,0.891219997
"103","SUB","M","2012-13","2012-13_2","2011-12","EL","N",453,832.6,-379.6,"C2",10,1.156876693
"103","SUB","M","2013-14","2013-14_1","2011-12","DI","N",690,832.6,-142.6,"C2",15,1.250989223
"103","SUB","M","2013-14","2013-14_2","2011-12","EL","N",845,832.6,12.4,"C2",16,1.152454158
"103","SUB","M","2014-15","2014-15_1","2011-12","DI","N",993,832.6,160.4,"C2",11,1.263649746
"103","SUB","M","2014-15","2014-15_2","2011-12","DI","N",1182,832.6,349.4,"B2",19,1.874313252
"104","SUB","M","2012-13","2012-13_2","2011-12","EL","N",452,570.5,-118.5,"H2",12,1.307504911
"104","SUB","M","2013-14","2013-14_1","2011-12","DI","N",689,570.5,118.5,"H2",14,1.389005257
"105","SUB","M","2012-13","2012-13_2","2011-12","QU","N",481,585.5,-104.5,"G2",11,0.978684848
"105","SUB","M","2013-14","2013-14_1","2011-12","QU","N",690,585.5,104.5,"G2",9,1.011537519
"106","SUB","F","2013-14","2013-14_2","2012-13","AY","N",460,552,-92,"M2",22,1.165628434
"106","SUB","F","2014-15","2014-15_1","2012-13","AY","N",644,552,92,"I2",15,1.167990217
"107","SUB","M","2014-15","2014-15_1","2012-13","JE","N",610,710,-100,"K2",16,1.256463272
"107","SUB","M","2014-15","2014-15_2","2012-13","JE","N",810,710,100,"K2",24,1.217332018
